insert into Soldier values 
('Randal','Mark','Obringer','123-45-6789','M',73,185,'E-5','25-SEP-90','A','08-NOV-10','1424 Ambridge Rd. Centerville OH, 45459','Information Systems Operator - Analyst');
insert into Soldier values
('Patrick','Walker','Lippert','987-65-4321','M',70,195,'E-2','14-MAR-91','A','08-NOV-10','123 Oak St. Wyoming OH, 45620','Information Systems Chief');
insert into Soldier values
('Robert','Jay','Stevenson','123-65-9876','M',72,180,'O-1','23-JAN-85','A','23-MAY-01','8987 Palmer St. Cincinnati OH, 45079','Signal Support Systems Specialist');
insert into Soldier values
('Allysa','Kay','Aey','465-00-0022','F',61,130,'E-1','14-AUG-89','R','16-SEP-02','153 Spring Rd. Edenburg KY, 67890','Fire Support Specialist');
insert into Soldier values
('Kelly','Marie','Artrip','666-55-4444','F',59,115,'O-10','02-JUN-77','A','02-JUN-94','6401 Palmer Rd. New Carlisle OH,45344','Multi-media Illustrator');
insert into Soldier values
('Alan','Jerome','Bertke','555-54-2341','M',65,165,'E-8','18-DEC-80','R','13-FEB-99','12 Dayton-Springfield Rd. Dayton OH, 45459','Cannon Crewmember');
insert into Soldier values
('John','Jacob','Sandman','234-23-0798','M',69,210,'E-2','28-APR-93','R','01-MAY-09','543 High St. Athens GA, 87686','Field Artillery Firefinder Radar Operator');
insert into Soldier values
('Brandon','Pyle','Blatt','111-11-1111','M',66,260,'E-1','03-JAN-90','R','06-MAR-00','65 South Green Dr. Vega AL, 11903','Cannon Member');
insert into Soldier values
('Kaitlin','Marry','Janetta','352-82-1596','F',63,140,'O-2','08-JUL-91','A','17-OCT-02','999 Mill St. ME','Indirect Fire Infantryman');
insert into Soldier values
('Ed','Connor','Barley','777-86-9111','M',68,160,'E-4','28-FEB-95','A','19-OCT-12','32 Stuart St. LA, 77163','Infantryman');
insert into Soldier values
('Andy','Aden','Smith','864-19-0037','M',66,155,'E-6','14-JAN-76','R','01-MAY-09','6545 Ross Rd. Chauncey OK, 68363','Patient Administration Specialist');
insert into Soldier values
('Derrik','Sam','Harrison','635-99-0015','M',74,198,'E-9','15-FEB-78','A','17-OCT-02','3 Agenbroad Rd. Tipp City NC, 76411','Dental Specialist');
insert into Soldier values
('Kevin','Joe','Walsh','292-92-7563','M',70,154,'O-3','30-APR-78','R','13-FEB-99','1111 Staley Rd. Carson NY,55523','Hospital Food Service Specialist');
insert into Soldier values
('Marlowe','William','Alter','765-98-0165','M',66,145,'O-4','31-OCT-65','A','16-SEP-02','62 Main St. Martin City NJ,55324','Preventive Medicine Specialist');
insert into Soldier values
('Zack','Matt','Stone','321-23-123','M',65,176,'O-5','30-SEP-79','R','17-OCT-02','197 Alabama Flick Rd. Flick AL, 66666','Radiology Specialist');
insert into Soldier values
('Greg','Daniel','White','545-45-4555','M',68,187,'E-5','28-APR-81','A','08-NOV-10','9023 Country Walk Pl. Tontowanta CA, 77694','Crane Operator');
insert into Soldier values
('Rachel','Anne','Obringer','292-69-9253','F',63,162,'E-2','24-MAY-89','A','16-SEP-02','720 Fish Ct. Beauty Towne MA, 86739','Diver');
insert into Soldier values
('Steve','Bay','Conroy','310-37-3653','M',66,176,'E-2','16-JUN-93','R','08-NOV-10','375 19th Ave. Cape Coral FL, 73872','Plumber');
insert into Soldier values
('Evan','Loren','Jackson','311-15-1615','M',70,172,'E-2','18-JUL-94','A','13-FEB-99','80 Ball Ln. Toronto OR, 68902','Signal Intelligence Analyst');
insert into Soldier values --20
('Dan','Troy','Trame','068-12-6123','M',71,181,'E-3','19-JUL-90','R','16-SEP-02','0091 Telltaile Pl. Moscow ID, 08745','Human Intelligence Collector');
--EQUIPMENT
insert into Equipment values
('M-16',1000.00,'Weapon');
insert into Equipment values
('M-249 (SAW)',1250.31,'Weapon');
insert into Equipment values
('M-9',249.00,'Weapon');
insert into Equipment values
('MK19-3',2145.34,'Weapon');
insert into Equipment values
('M240B',1620.00,'Weapon');
insert into Equipment values
('M-4 Carbine',1333.20,'Weapon');
insert into Equipment values
('Socks',10.00,'Clothing');
insert into Equipment values
('JSLIST',450.99,'NBC Defense');
insert into Equipment values
('M-40',130.60,'NBC Defense');
insert into Equipment values
('M-224 Mortar',26000.00,'Indirect Fire System');
insert into Equipment values
('Paladin',34560.00,'Indirect Fire System');
insert into Equipment values
('C-130',981000.00,'Air Transportation');
insert into Equipment values
('Chinook Helicopter',50800.00,'Air Transportation');
insert into Equipment values
('HMMWV',56125.00,'Ground Transportation');
insert into Equipment values
('M1070 HET',62300.00,'Ground Transportation');
insert into Equipment values
('Alice Pack',101.05,'Personal');
insert into Equipment values
('A-Bag',150.61,'Personal');
insert into Equipment values
('1QT Canteen',5.00,'Personal');
insert into Equipment values
('Khyber Boots',98.00,'Clothing');
insert into Equipment values
('Camel Back',32.00,'Personal');
insert into Equipment values
('ACU',89.95,'Clothing');
insert into Equipment values
('PT shirt',28.00,'Clothing');
insert into Equipment values
('PT shorts',23.50,'Clothing');
insert into Equipment values
('Compass',56.00,'Land Navigation');
insert into Equipment values
('Kevlar',239.00,'Personal Protection');
insert into Equipment values
('ACH',264.00,'Personal Protection');
insert into Equipment values
('PC',16.00,'Clothing');
insert into Equipment values
('LBV',53.00,'Personal');
insert into Equipment values 
('Head Lamp',70.00,'Personal');
insert into Equipment values --30
('MOLLE gear',92.00,'Personal');
--MISSION
insert into Mission values
('Juggernaut','Raid','0530','2300','23-MAR-00','25-MAR-00',10,38);
insert into Mission values
('Sealion','Recon','2200','0200','25-JUL-98','26-JULY-98',0,1);
insert into Mission values
('Rainbow','Attack','1350','1810','28-AUG-02','28-AUG-02',4,23);
insert into Mission values
('Overlord','Feint','0900','2300','14-JUN-01','14-JUN-01',0,5);
insert into Mission values
('Desert Shield','Ambush','0400','1000','08-JUL-12','08-JUL-12',0,17);
insert into Mission values
('Eagle Claw','Ambush','0640','1240','17-SEP-07','17-SEP-07',1,22);
insert into Mission values
('Evening Light','Recon','0900','0900','03-MAR-04','07-MAR-04',0,0);
insert into Mission values
('Grand Slam','Secure and Defend','1600','2330','06-JUL-06','09-JUL-06',7,17);
insert into Mission values
('Prime Chance','Resupply','2200','0500','07-OCT-00','08-OCT-00',2,16);
insert into Mission values
('Nimble Archer','Cordon and Search','1730','2200','29-APR-01','29-APR-01',3,26);
insert into Mission values
('Blowdown','Raid','0030','1800','25-JUN-09','25-JUN-09',7,73);
insert into Mission values
('Pluto','Cordon and Search','0750','1005','26-AUG-01','26-AUG-01',2,4);
insert into Mission values
('Success','Resupply','1400','1840','15-MAR-98','15-MAR-98',0,2);
insert into Mission values
('Just Cause','Secure and Defend','0600','0300','16-JAN-04','20-JAN-04',27,24);
insert into Mission values
('Carlota','Recon','2100','2350','15-JUL-04','15-JUL-04',0,1); 
--FOUND INTELLIGENCE
insert into Found_Intel values
('Juggernaut','Area was an enemy cashe site');
insert into Found_Intel values
('Evening Light','60-70 Enemy Personell Present');
insert into Found_Intel values
('Overlord','Enemy has shifted their forces');
insert into Found_Intel values
('Evening Light','Mounted patrols roam the area');
insert into Found_Intel values
('Carlota','Enemy has NBC capabilities'); 
--EXECUTED MISSIONS
insert into Execute values
('666-55-4444','Just Cause');
insert into Execute values
('555-54-2341','Just Cause');
insert into Execute values
('068-12-6123','Evening Light');
insert into Execute values
('111-11-1111','Just Cause');
insert into Execute values
('292-69-9253','Evening Light');
insert into Execute values
('292-92-7563','Overlord');
insert into Execute values
('352-82-1596','Blowdown');
insert into Execute values
('666-55-4444','Overlord');
insert into Execute values
('292-92-7563','Juggernaut');
insert into Execute values
('465-00-0022','Carlota');
insert into Execute values
('321-23-123','Evening Light');
insert into Execute values
('123-65-9876','Grand Slam');
insert into Execute values
('311-15-1615','Just Cause');
insert into Execute values
('311-15-1615','Prime Chance');
insert into Execute values --15 --85
('123-45-6789','Desert Shield');
--ISSUED EQUIPMENT
insert into Issued values
('1QT Canteen','123-45-6789',037795,'17-NOV-10');
insert into Issued values
('JSLIST','123-45-6789',754346,'17-NOV-10');
insert into Issued values
('M-224 Mortar','666-55-4444',778990,'03-JUN-96');
insert into Issued values
('1QT Canteen','635-99-0015',112356,'17-NOV-02');
insert into Issued values
('A-Bag','635-99-0015',477889,'17-NOV-02');
insert into Issued values
('MOLLE gear','310-37-3653',223561,'12-DEC-10');
insert into Issued values
('LBV','765-98-0165',367734,'23-OCT-02');
insert into Issued values
('Paladin','666-55-4444',006580,'06-AUG-97');
insert into Issued values
('ACH','310-37-3653',009887,'12-DEC-10');
insert into Issued values
('C-130','666-55-4444',764665,'20-SEP-00');
insert into Issued values
('JSLIST','321-23-123',929929,'26-NOV-02');
insert into Issued values
('M240B','234-23-0798',456363,'01-MAY-10');
insert into Issued values
('M-9','321-23-123',737773,'26-NOV-02');
insert into Issued values
('M1070 HET','666-55-4444',626622,'03-OCT-95');
insert into Issued values
('M-16','545-45-4555',111111,'12-DEC-10');
insert into Issued values
('ACH','765-98-0165',222222,'22-SEP-02');
insert into Issued values
('M-249 (SAW)','987-65-4321',333333,'12-NOV-10');
insert into Issued values
('MK19-3','234-23-0798',444444,'01-MAY-10');
insert into Issued values
('Alice Pack','987-65-4321',555555,'12-NOV-10');
insert into Issued values
('M240B','310-37-3653',888888,'01-JAN-12');
